{
  "experiment": "blender_hotdog_n8_w3_aggrprune",
  "scene": "hotdog",
  "n_train_views": 8,
  "iterations": 7000,
  "wall_clock_sec": 629.5235991477966,
  "num_gaussians": 237686,
  "num_test_views_used": 200,
  "num_test_views_total": 200,
  "train_view_ids": [
    2,
    16,
    26,
    55,
    73,
    76,
    86,
    93
  ],
  "metrics": {
    "test/psnr": 23.49841649532318,
    "test/ssim": 0.9290042480826378,
    "test/lpips": 0.11777384167537093
  }
}