{
  "experiment": "blender_chair_n8_ssl_mv_dav2s_depthv2_pearson_idfix",
  "scene": "chair",
  "n_train_views": 8,
  "iterations": 7000,
  "wall_clock_sec": 328.6159279346466,
  "num_gaussians": 544896,
  "num_test_views_used": 200,
  "num_test_views_total": 200,
  "train_view_ids": [
    0,
    14,
    28,
    42,
    57,
    71,
    85,
    99
  ],
  "metrics": {
    "test/psnr": 22.75794270515442,
    "test/ssim": 0.8790557503700256,
    "test/lpips": 0.18076472875662147
  }
}