{
  "experiment": "blender_ficus_n8_ssl_mv_dav2s_pearson",
  "scene": "ficus",
  "n_train_views": 8,
  "iterations": 7000,
  "wall_clock_sec": 246.67427706718445,
  "num_gaussians": 404589,
  "num_test_views_used": 200,
  "num_test_views_total": 200,
  "train_view_ids": [
    0,
    14,
    28,
    42,
    57,
    71,
    85,
    99
  ],
  "metrics": {
    "test/psnr": 19.32205722332001,
    "test/ssim": 0.8586031964421272,
    "test/lpips": 0.19174472384154798
  }
}