{
  "experiment": "blender_hotdog_n8_ssl_mv_dav2s_depthv2_prune",
  "scene": "hotdog",
  "n_train_views": 8,
  "iterations": 7000,
  "wall_clock_sec": 290.4503254890442,
  "num_gaussians": 356005,
  "num_test_views_used": 200,
  "num_test_views_total": 200,
  "train_view_ids": [
    0,
    14,
    28,
    42,
    57,
    71,
    85,
    99
  ],
  "metrics": {
    "test/psnr": 18.709399380683898,
    "test/ssim": 0.8801750218868256,
    "test/lpips": 0.22403761841356754
  }
}