{
  "experiment": "lego_n8_w3_dual_gs",
  "scene": "lego",
  "n_train_views": 8,
  "iterations": 7000,
  "wall_clock_sec": 926.3194472789764,
  "num_gaussians": 420456,
  "num_test_views_used": 200,
  "num_test_views_total": 200,
  "train_view_ids": [
    2,
    16,
    26,
    55,
    73,
    76,
    86,
    93
  ],
  "metrics": {
    "test/psnr": 22.13189125061035,
    "test/ssim": 0.8694980090856552,
    "test/lpips": 0.13897236313670874
  }
}