{
  "experiment": "lego_n6_ssl_mv_v2",
  "scene": "lego",
  "type": "nerf_synthetic",
  "n_train_views": 6,
  "ckpt": "last.pt",
  "num_gaussians": 465937,
  "num_test_views_used": 200,
  "num_test_views_total": 200,
  "wall_clock_eval_sec": 21.15071439743042,
  "train_view_ids": [
    0,
    20,
    40,
    59,
    79,
    99
  ],
  "metrics": {
    "test/psnr": 18.071620650291443,
    "test/ssim": 0.7598958638310432,
    "test/lpips": 0.28362956285476687
  }
}