{
  "experiment": "blender_drums_n8_w2_sotaview",
  "scene": "drums",
  "n_train_views": 8,
  "iterations": 7000,
  "wall_clock_sec": 359.044855594635,
  "num_gaussians": 1121890,
  "num_test_views_used": 200,
  "num_test_views_total": 200,
  "train_view_ids": [
    2,
    16,
    26,
    55,
    73,
    76,
    86,
    93
  ],
  "metrics": {
    "test/psnr": 14.33820969581604,
    "test/ssim": 0.746621398627758,
    "test/lpips": 0.27928639829158786
  }
}