{
  "experiment": "blender_ficus_n8_ssl_mv_dav2s_depthv2_pearson",
  "scene": "ficus",
  "n_train_views": 8,
  "iterations": 7000,
  "wall_clock_sec": 336.5196268558502,
  "num_gaussians": 470611,
  "num_test_views_used": 200,
  "num_test_views_total": 200,
  "train_view_ids": [
    0,
    14,
    28,
    42,
    57,
    71,
    85,
    99
  ],
  "metrics": {
    "test/psnr": 19.589453058242796,
    "test/ssim": 0.8660878080129624,
    "test/lpips": 0.17339930456131697
  }
}