{
  "experiment": "blender_materials_n8_ssl_mv_dav2s_depthv2",
  "scene": "materials",
  "n_train_views": 8,
  "iterations": 7000,
  "wall_clock_sec": 552.9660410881042,
  "num_gaussians": 517877,
  "num_test_views_used": 200,
  "num_test_views_total": 200,
  "train_view_ids": [
    0,
    14,
    28,
    42,
    57,
    71,
    85,
    99
  ],
  "metrics": {
    "test/psnr": 16.30435845375061,
    "test/ssim": 0.786533639729023,
    "test/lpips": 0.24612512670457362
  }
}