{
  "experiment": "blender_drums_n8_w3_aggrprune_long_v6_pgan70",
  "scene": "drums",
  "n_train_views": 8,
  "iterations": 15000,
  "wall_clock_sec": 5807.370975255966,
  "num_gaussians": 1127384,
  "num_test_views_used": 200,
  "num_test_views_total": 200,
  "train_view_ids": [
    2,
    16,
    26,
    55,
    73,
    76,
    86,
    93
  ],
  "metrics": {
    "test/psnr": 15.706936464309692,
    "test/ssim": 0.8256272515654564,
    "test/lpips": 0.20476371904835106
  }
}