{
  "experiment": "blender_ficus_n8_ssl_mv_dav2s_depthv2_prune",
  "scene": "ficus",
  "n_train_views": 8,
  "iterations": 7000,
  "wall_clock_sec": 272.7723937034607,
  "num_gaussians": 281129,
  "num_test_views_used": 200,
  "num_test_views_total": 200,
  "train_view_ids": [
    0,
    14,
    28,
    42,
    57,
    71,
    85,
    99
  ],
  "metrics": {
    "test/psnr": 21.740052461624146,
    "test/ssim": 0.895440610051155,
    "test/lpips": 0.1037874624505639
  }
}