{
  "experiment": "blender_drums_n8_w3_aggrprune_long_v4_pvd",
  "scene": "drums",
  "n_train_views": 8,
  "iterations": 15000,
  "wall_clock_sec": 7359.435027122498,
  "num_gaussians": 1515083,
  "num_test_views_used": 200,
  "num_test_views_total": 200,
  "train_view_ids": [
    2,
    16,
    26,
    55,
    73,
    76,
    86,
    93
  ],
  "metrics": {
    "test/psnr": 15.56130518913269,
    "test/ssim": 0.8200098386406899,
    "test/lpips": 0.2161328326165676
  }
}