{
  "experiment": "blender_hotdog_n8_w3_aggrprune_long_v4_pvd",
  "scene": "hotdog",
  "n_train_views": 8,
  "iterations": 15000,
  "wall_clock_sec": 1928.2371656894684,
  "num_gaussians": 335069,
  "num_test_views_used": 200,
  "num_test_views_total": 200,
  "train_view_ids": [
    2,
    16,
    26,
    55,
    73,
    76,
    86,
    93
  ],
  "metrics": {
    "test/psnr": 24.402252659797668,
    "test/ssim": 0.9304427459836007,
    "test/lpips": 0.11327772466465831
  }
}