{
  "experiment": "blender_lego_n8_ssl_mv_dav2s_depthv2_pearson_idfix",
  "scene": "lego",
  "n_train_views": 8,
  "iterations": 7000,
  "wall_clock_sec": 305.57524585723877,
  "num_gaussians": 419995,
  "num_test_views_used": 200,
  "num_test_views_total": 200,
  "train_view_ids": [
    0,
    14,
    28,
    42,
    57,
    71,
    85,
    99
  ],
  "metrics": {
    "test/psnr": 20.82738733291626,
    "test/ssim": 0.827480464875698,
    "test/lpips": 0.22129586821421982
  }
}