{
  "experiment": "lego_n8_w2_sotaview",
  "scene": "lego",
  "n_train_views": 8,
  "iterations": 7000,
  "wall_clock_sec": 302.10533380508423,
  "num_gaussians": 438818,
  "num_test_views_used": 200,
  "num_test_views_total": 200,
  "train_view_ids": [
    2,
    16,
    26,
    55,
    73,
    76,
    86,
    93
  ],
  "metrics": {
    "test/psnr": 21.832629957199096,
    "test/ssim": 0.8486923295259475,
    "test/lpips": 0.16519639419391752
  }
}