{
  "experiment": "blender_hotdog_n8_w3_aggrprune_long_v4b_pvd",
  "scene": "hotdog",
  "n_train_views": 8,
  "iterations": 15000,
  "wall_clock_sec": 1773.788964509964,
  "num_gaussians": 338130,
  "num_test_views_used": 200,
  "num_test_views_total": 200,
  "train_view_ids": [
    2,
    16,
    26,
    55,
    73,
    76,
    86,
    93
  ],
  "metrics": {
    "test/psnr": 23.636290121078492,
    "test/ssim": 0.9243326938152313,
    "test/lpips": 0.11905954919755458
  }
}