{
  "experiment": "blender_drums_n8_ssl_mv_dav2s_depthv2_pearson",
  "scene": "drums",
  "n_train_views": 8,
  "iterations": 7000,
  "wall_clock_sec": 470.46272802352905,
  "num_gaussians": 1453914,
  "num_test_views_used": 200,
  "num_test_views_total": 200,
  "train_view_ids": [
    0,
    14,
    28,
    42,
    57,
    71,
    85,
    99
  ],
  "metrics": {
    "test/psnr": 13.803995594978332,
    "test/ssim": 0.7271215096116066,
    "test/lpips": 0.3403999783843756
  }
}