{
  "experiment": "lego_n8_ssl_mv_dav2s",
  "scene": "lego",
  "type": "nerf_synthetic",
  "n_train_views": 8,
  "ckpt": "last.pt",
  "num_gaussians": 372305,
  "num_test_views_used": 200,
  "num_test_views_total": 200,
  "wall_clock_eval_sec": 18.61375665664673,
  "train_view_ids": [
    0,
    14,
    28,
    42,
    57,
    71,
    85,
    99
  ],
  "metrics": {
    "test/psnr": 21.157960929870605,
    "test/ssim": 0.8290984535217285,
    "test/lpips": 0.20215106807649136
  }
}