{
  "experiment": "blender_chair_n8_ssl_mv_dav2s_gan_small",
  "scene": "chair",
  "n_train_views": 8,
  "iterations": 7000,
  "wall_clock_sec": 290.3308582305908,
  "num_gaussians": 491040,
  "num_test_views_used": 200,
  "num_test_views_total": 200,
  "train_view_ids": [
    0,
    14,
    28,
    42,
    57,
    71,
    85,
    99
  ],
  "metrics": {
    "test/psnr": 22.16915472984314,
    "test/ssim": 0.8772648766636848,
    "test/lpips": 0.16477957395836712
  }
}