{
  "experiment": "blender_ship_n8_ssl_mv_dav2s_pearson_idfix",
  "scene": "ship",
  "n_train_views": 8,
  "iterations": 7000,
  "wall_clock_sec": 581.9416246414185,
  "num_gaussians": 776976,
  "num_test_views_used": 200,
  "num_test_views_total": 200,
  "train_view_ids": [
    0,
    14,
    28,
    42,
    57,
    71,
    85,
    99
  ],
  "metrics": {
    "test/psnr": 17.016128616333006,
    "test/ssim": 0.6835485938191413,
    "test/lpips": 0.3188303044438362
  }
}