{
  "experiment": "blender_hotdog_n8_w3_aggrprune_long_v4_pvd_smoke",
  "scene": "hotdog",
  "n_train_views": 8,
  "iterations": 50,
  "wall_clock_sec": 59.155927658081055,
  "num_gaussians": 100000,
  "num_test_views_used": 200,
  "num_test_views_total": 200,
  "train_view_ids": [
    2,
    16,
    26,
    55,
    73,
    76,
    86,
    93
  ],
  "metrics": {
    "test/psnr": 13.581693778038025,
    "test/ssim": 0.6570156532526016,
    "test/lpips": 0.7040908586978912
  }
}