{
  "experiment": "llff_room_n3_baseline",
  "scene": "room",
  "n_train_views": 3,
  "iterations": 7000,
  "wall_clock_sec": 82.92165946960449,
  "num_gaussians": 180000,
  "num_test_views_used": 6,
  "num_test_views_total": 6,
  "train_view_ids": [
    1,
    20,
    39
  ],
  "metrics": {
    "test/psnr": 11.793132305145264,
    "test/ssim": 0.44765909512837726,
    "test/lpips": 0.6564183036486307
  }
}