{
  "experiment": "llff_horns_n3_baseline",
  "scene": "horns",
  "n_train_views": 3,
  "iterations": 7000,
  "wall_clock_sec": 154.640154838562,
  "num_gaussians": 250000,
  "num_test_views_used": 8,
  "num_test_views_total": 8,
  "train_view_ids": [
    1,
    30,
    61
  ],
  "metrics": {
    "test/psnr": 12.69043493270874,
    "test/ssim": 0.2930062208324671,
    "test/lpips": 0.5952437743544579
  }
}