{
  "experiment": "blender_chair_n8_w2_sotaview",
  "scene": "chair",
  "n_train_views": 8,
  "iterations": 7000,
  "wall_clock_sec": 297.27652621269226,
  "num_gaussians": 493764,
  "num_test_views_used": 200,
  "num_test_views_total": 200,
  "train_view_ids": [
    2,
    16,
    26,
    55,
    73,
    76,
    86,
    93
  ],
  "metrics": {
    "test/psnr": 25.26401135444641,
    "test/ssim": 0.9139346447587013,
    "test/lpips": 0.10389001635368914
  }
}