{
  "experiment": "lego_n6_ssl_mv_depth",
  "scene": "lego",
  "type": "nerf_synthetic",
  "n_train_views": 6,
  "ckpt": "last.pt",
  "num_gaussians": 700779,
  "num_test_views_used": 200,
  "num_test_views_total": 200,
  "wall_clock_eval_sec": 21.726808547973633,
  "train_view_ids": [
    0,
    20,
    40,
    59,
    79,
    99
  ],
  "metrics": {
    "test/psnr": 16.946523461341858,
    "test/ssim": 0.7233248642086982,
    "test/lpips": 0.3528262635320425
  }
}