{
  "experiment": "blender_materials_n8_w3_aggrprune",
  "scene": "materials",
  "n_train_views": 8,
  "iterations": 7000,
  "wall_clock_sec": 892.1185007095337,
  "num_gaussians": 383482,
  "num_test_views_used": 200,
  "num_test_views_total": 200,
  "train_view_ids": [
    2,
    16,
    26,
    55,
    73,
    76,
    86,
    93
  ],
  "metrics": {
    "test/psnr": 12.777186808586121,
    "test/ssim": 0.7695075377821923,
    "test/lpips": 0.2843151781335473
  }
}