{
  "experiment": "blender_drums_n8_w3_aggrprune_long_v4b_pvd",
  "scene": "drums",
  "n_train_views": 8,
  "iterations": 15000,
  "wall_clock_sec": 6591.800315380096,
  "num_gaussians": 1461852,
  "num_test_views_used": 200,
  "num_test_views_total": 200,
  "train_view_ids": [
    2,
    16,
    26,
    55,
    73,
    76,
    86,
    93
  ],
  "metrics": {
    "test/psnr": 15.442785487174987,
    "test/ssim": 0.8106405037641525,
    "test/lpips": 0.22096950184553862
  }
}