{
  "experiment": "blender_drums_n8_ssl_mv_dav2s_depthv2_pearson_idfix",
  "scene": "drums",
  "n_train_views": 8,
  "iterations": 7000,
  "wall_clock_sec": 359.6105010509491,
  "num_gaussians": 1082334,
  "num_test_views_used": 200,
  "num_test_views_total": 200,
  "train_view_ids": [
    0,
    14,
    28,
    42,
    57,
    71,
    85,
    99
  ],
  "metrics": {
    "test/psnr": 15.402014369964599,
    "test/ssim": 0.763194066286087,
    "test/lpips": 0.31108136139810083
  }
}