{
  "experiment": "blender_drums_n8",
  "scene": "drums",
  "n_train_views": 8,
  "iterations": 7000,
  "wall_clock_sec": 195.18141317367554,
  "num_gaussians": 851827,
  "num_test_views_used": 200,
  "num_test_views_total": 200,
  "train_view_ids": [
    0,
    14,
    28,
    42,
    57,
    71,
    85,
    99
  ],
  "metrics": {
    "test/psnr": 13.880076284408569,
    "test/ssim": 0.7215533497929573,
    "test/lpips": 0.3325556719303131
  }
}