{
  "experiment": "blender_chair_n8_ssl_mv_dav2s_depthv2",
  "scene": "chair",
  "n_train_views": 8,
  "iterations": 7000,
  "wall_clock_sec": 349.65651535987854,
  "num_gaussians": 507842,
  "num_test_views_used": 200,
  "num_test_views_total": 200,
  "train_view_ids": [
    0,
    14,
    28,
    42,
    57,
    71,
    85,
    99
  ],
  "metrics": {
    "test/psnr": 23.052861766815184,
    "test/ssim": 0.8868132376670838,
    "test/lpips": 0.1565758753940463
  }
}