{
  "experiment": "blender_materials_n8_ssl_mv_dav2s_depthv2_pearson_idfix",
  "scene": "materials",
  "n_train_views": 8,
  "iterations": 7000,
  "wall_clock_sec": 301.422226190567,
  "num_gaussians": 403214,
  "num_test_views_used": 200,
  "num_test_views_total": 200,
  "train_view_ids": [
    0,
    14,
    28,
    42,
    57,
    71,
    85,
    99
  ],
  "metrics": {
    "test/psnr": 16.738433361053467,
    "test/ssim": 0.7938460695743561,
    "test/lpips": 0.2523801901191473
  }
}