{
  "experiment": "blender_hotdog_n8_ssl_mv_dav2s_depthv2",
  "scene": "hotdog",
  "n_train_views": 8,
  "iterations": 7000,
  "wall_clock_sec": 413.35141801834106,
  "num_gaussians": 358847,
  "num_test_views_used": 200,
  "num_test_views_total": 200,
  "train_view_ids": [
    0,
    14,
    28,
    42,
    57,
    71,
    85,
    99
  ],
  "metrics": {
    "test/psnr": 18.525487422943115,
    "test/ssim": 0.8699755862355232,
    "test/lpips": 0.2570664758235216
  }
}