{
  "experiment": "blender_hotdog_n8_ssl_mv_dav2s",
  "scene": "hotdog",
  "n_train_views": 8,
  "iterations": 7000,
  "wall_clock_sec": 247.3071973323822,
  "num_gaussians": 325594,
  "num_test_views_used": 200,
  "num_test_views_total": 200,
  "train_view_ids": [
    0,
    14,
    28,
    42,
    57,
    71,
    85,
    99
  ],
  "metrics": {
    "test/psnr": 18.39197368621826,
    "test/ssim": 0.8648494204878807,
    "test/lpips": 0.2734895994421095
  }
}