{
  "experiment": "lego_n9",
  "scene": "lego",
  "type": "nerf_synthetic",
  "n_train_views": 9,
  "ckpt": "last.pt",
  "num_gaussians": 425081,
  "num_test_views_used": 200,
  "num_test_views_total": 200,
  "wall_clock_eval_sec": 26.96234130859375,
  "train_view_ids": [
    0,
    12,
    25,
    37,
    50,
    62,
    74,
    87,
    99
  ],
  "metrics": {
    "test/psnr": 18.090488085746767,
    "test/ssim": 0.7786926335096359,
    "test/lpips": 0.24243280559778213
  }
}