{
  "experiment": "blender_chair_n8",
  "scene": "chair",
  "n_train_views": 8,
  "iterations": 7000,
  "wall_clock_sec": 168.81707048416138,
  "num_gaussians": 498182,
  "num_test_views_used": 200,
  "num_test_views_total": 200,
  "train_view_ids": [
    0,
    14,
    28,
    42,
    57,
    71,
    85,
    99
  ],
  "metrics": {
    "test/psnr": 20.08418920993805,
    "test/ssim": 0.8513002470135689,
    "test/lpips": 0.18925259541720152
  }
}