{
  "experiment": "blender_mic_n8_ssl_mv_dav2s_depthv2_prune",
  "scene": "mic",
  "n_train_views": 8,
  "iterations": 7000,
  "wall_clock_sec": 297.9779734611511,
  "num_gaussians": 574075,
  "num_test_views_used": 200,
  "num_test_views_total": 200,
  "train_view_ids": [
    0,
    14,
    28,
    42,
    57,
    71,
    85,
    99
  ],
  "metrics": {
    "test/psnr": 23.308317070007323,
    "test/ssim": 0.9368312084674835,
    "test/lpips": 0.08958817114820704
  }
}