{
  "experiment": "blender_drums_n8_w3_dual_gs",
  "scene": "drums",
  "n_train_views": 8,
  "iterations": 7000,
  "wall_clock_sec": 1421.9078240394592,
  "num_gaussians": 855736,
  "num_test_views_used": 200,
  "num_test_views_total": 200,
  "train_view_ids": [
    2,
    16,
    26,
    55,
    73,
    76,
    86,
    93
  ],
  "metrics": {
    "test/psnr": 14.927263207435608,
    "test/ssim": 0.8068881654739379,
    "test/lpips": 0.22629892826080322
  }
}