{
  "experiment": "llff_orchids_n3_dav2s",
  "scene": "orchids",
  "n_train_views": 3,
  "iterations": 7000,
  "wall_clock_sec": 160.41062307357788,
  "num_gaussians": 180000,
  "num_test_views_used": 4,
  "num_test_views_total": 4,
  "train_view_ids": [
    1,
    12,
    23
  ],
  "metrics": {
    "test/psnr": 15.357617855072021,
    "test/ssim": 0.43639425933361053,
    "test/lpips": 0.3670548126101494
  }
}