{
  "experiment": "blender_hotdog_n8",
  "scene": "hotdog",
  "n_train_views": 8,
  "iterations": 7000,
  "wall_clock_sec": 146.9713478088379,
  "num_gaussians": 317014,
  "num_test_views_used": 200,
  "num_test_views_total": 200,
  "train_view_ids": [
    0,
    14,
    28,
    42,
    57,
    71,
    85,
    99
  ],
  "metrics": {
    "test/psnr": 17.746559019088746,
    "test/ssim": 0.831548057794571,
    "test/lpips": 0.2980008118599653
  }
}