{
  "experiment": "blender_ficus_n8_ssl_mv_dav2s_depthv2_pearson_idfix",
  "scene": "ficus",
  "n_train_views": 8,
  "iterations": 7000,
  "wall_clock_sec": 303.4191884994507,
  "num_gaussians": 373514,
  "num_test_views_used": 200,
  "num_test_views_total": 200,
  "train_view_ids": [
    0,
    14,
    28,
    42,
    57,
    71,
    85,
    99
  ],
  "metrics": {
    "test/psnr": 18.27809597969055,
    "test/ssim": 0.8753203472495079,
    "test/lpips": 0.14829923784360288
  }
}