{
  "experiment": "blender_drums_n8_ssl_mv_dav2s_pearson",
  "scene": "drums",
  "n_train_views": 8,
  "iterations": 7000,
  "wall_clock_sec": 323.76853132247925,
  "num_gaussians": 1540973,
  "num_test_views_used": 200,
  "num_test_views_total": 200,
  "train_view_ids": [
    0,
    14,
    28,
    42,
    57,
    71,
    85,
    99
  ],
  "metrics": {
    "test/psnr": 13.449682536125183,
    "test/ssim": 0.7023791688680648,
    "test/lpips": 0.3640113776922226
  }
}