{
  "experiment": "blender_mic_n8_ssl_mv_dav2s_depthv2",
  "scene": "mic",
  "n_train_views": 8,
  "iterations": 7000,
  "wall_clock_sec": 438.07120966911316,
  "num_gaussians": 591550,
  "num_test_views_used": 200,
  "num_test_views_total": 200,
  "train_view_ids": [
    0,
    14,
    28,
    42,
    57,
    71,
    85,
    99
  ],
  "metrics": {
    "test/psnr": 23.459795475006104,
    "test/ssim": 0.9339350119233132,
    "test/lpips": 0.10748881523730233
  }
}