{
  "experiment": "blender_hotdog_n8_ssl_mv_dav2s_depthv2_pearson",
  "scene": "hotdog",
  "n_train_views": 8,
  "iterations": 7000,
  "wall_clock_sec": 854.4565522670746,
  "num_gaussians": 513600,
  "num_test_views_used": 200,
  "num_test_views_total": 200,
  "train_view_ids": [
    0,
    14,
    28,
    42,
    57,
    71,
    85,
    99
  ],
  "metrics": {
    "test/psnr": 16.387735066413878,
    "test/ssim": 0.8244708460569382,
    "test/lpips": 0.3137662396579981
  }
}