{
  "experiment": "lego_n6_ssl_mv_v3",
  "scene": "lego",
  "type": "nerf_synthetic",
  "n_train_views": 6,
  "ckpt": "last.pt",
  "num_gaussians": 456981,
  "num_test_views_used": 200,
  "num_test_views_total": 200,
  "wall_clock_eval_sec": 21.308574676513672,
  "train_view_ids": [
    0,
    20,
    40,
    59,
    79,
    99
  ],
  "metrics": {
    "test/psnr": 18.530704431533813,
    "test/ssim": 0.7678140363097191,
    "test/lpips": 0.27495005376636983
  }
}