{
  "experiment": "lego_n6_ssl_v4",
  "scene": "lego",
  "type": "nerf_synthetic",
  "n_train_views": 6,
  "ckpt": "last.pt",
  "num_gaussians": 408307,
  "num_test_views_used": 200,
  "num_test_views_total": 200,
  "wall_clock_eval_sec": 26.063541889190674,
  "train_view_ids": [
    0,
    20,
    40,
    59,
    79,
    99
  ],
  "metrics": {
    "test/psnr": 17.343058137893678,
    "test/ssim": 0.7334358620643616,
    "test/lpips": 0.3008342329412699
  }
}