{
  "experiment": "blender_ship_n8_w2_sotaview",
  "scene": "ship",
  "n_train_views": 8,
  "iterations": 7000,
  "wall_clock_sec": 388.03163504600525,
  "num_gaussians": 917095,
  "num_test_views_used": 200,
  "num_test_views_total": 200,
  "train_view_ids": [
    2,
    16,
    26,
    55,
    73,
    76,
    86,
    93
  ],
  "metrics": {
    "test/psnr": 17.09009008407593,
    "test/ssim": 0.6859805136919022,
    "test/lpips": 0.35161904819309714
  }
}