{
  "experiment": "blender_lego_n8_ssl_mv_dav2s_pearson",
  "scene": "lego",
  "n_train_views": 8,
  "iterations": 7000,
  "wall_clock_sec": 310.0059304237366,
  "num_gaussians": 815870,
  "num_test_views_used": 200,
  "num_test_views_total": 200,
  "train_view_ids": [
    0,
    14,
    28,
    42,
    57,
    71,
    85,
    99
  ],
  "metrics": {
    "test/psnr": 14.835916910171509,
    "test/ssim": 0.7255196845531464,
    "test/lpips": 0.3181767720729113
  }
}