{
  "experiment": "blender_mic_n8",
  "scene": "mic",
  "n_train_views": 8,
  "iterations": 7000,
  "wall_clock_sec": 138.64792394638062,
  "num_gaussians": 419064,
  "num_test_views_used": 200,
  "num_test_views_total": 200,
  "train_view_ids": [
    0,
    14,
    28,
    42,
    57,
    71,
    85,
    99
  ],
  "metrics": {
    "test/psnr": 21.277649183273315,
    "test/ssim": 0.9208983653783798,
    "test/lpips": 0.12800081121735274
  }
}