{
  "experiment": "blender_hotdog_n8_w3_aggrprune_long",
  "scene": "hotdog",
  "n_train_views": 8,
  "iterations": 15000,
  "wall_clock_sec": 2077.5305366516113,
  "num_gaussians": 313707,
  "num_test_views_used": 200,
  "num_test_views_total": 200,
  "train_view_ids": [
    2,
    16,
    26,
    55,
    73,
    76,
    86,
    93
  ],
  "metrics": {
    "test/psnr": 23.972287201881407,
    "test/ssim": 0.9256908521056175,
    "test/lpips": 0.12020362384617328
  }
}