{
  "experiment": "blender_ship_n8_w3_dual_gs",
  "scene": "ship",
  "n_train_views": 8,
  "iterations": 7000,
  "wall_clock_sec": 1545.5865359306335,
  "num_gaussians": 722778,
  "num_test_views_used": 200,
  "num_test_views_total": 200,
  "train_view_ids": [
    2,
    16,
    26,
    55,
    73,
    76,
    86,
    93
  ],
  "metrics": {
    "test/psnr": 16.766557879447937,
    "test/ssim": 0.7233284792304039,
    "test/lpips": 0.3244492395967245
  }
}