{
  "experiment": "blender_mic_n8_ssl_mv_dav2s",
  "scene": "mic",
  "n_train_views": 8,
  "iterations": 7000,
  "wall_clock_sec": 252.73233938217163,
  "num_gaussians": 525574,
  "num_test_views_used": 200,
  "num_test_views_total": 200,
  "train_view_ids": [
    0,
    14,
    28,
    42,
    57,
    71,
    85,
    99
  ],
  "metrics": {
    "test/psnr": 23.134992952346803,
    "test/ssim": 0.9303244563937187,
    "test/lpips": 0.11195004881359637
  }
}