{
  "experiment": "blender_chair_n8_ssl_mv_dav2s_depthv2_prune",
  "scene": "chair",
  "n_train_views": 8,
  "iterations": 7000,
  "wall_clock_sec": 326.2600383758545,
  "num_gaussians": 503425,
  "num_test_views_used": 200,
  "num_test_views_total": 200,
  "train_view_ids": [
    0,
    14,
    28,
    42,
    57,
    71,
    85,
    99
  ],
  "metrics": {
    "test/psnr": 23.189572467803956,
    "test/ssim": 0.8904305803775787,
    "test/lpips": 0.13813569912686943
  }
}