{
  "experiment": "llff_fern_n3_dav2s",
  "scene": "fern",
  "n_train_views": 3,
  "iterations": 7000,
  "wall_clock_sec": 259.20033073425293,
  "num_gaussians": 250000,
  "num_test_views_used": 3,
  "num_test_views_total": 3,
  "train_view_ids": [
    1,
    10,
    19
  ],
  "metrics": {
    "test/psnr": 18.477956771850586,
    "test/ssim": 0.5843601226806641,
    "test/lpips": 0.3529895643393199
  }
}