{
  "experiment": "blender_ficus_n8",
  "scene": "ficus",
  "n_train_views": 8,
  "iterations": 7000,
  "wall_clock_sec": 136.14658093452454,
  "num_gaussians": 216598,
  "num_test_views_used": 200,
  "num_test_views_total": 200,
  "train_view_ids": [
    0,
    14,
    28,
    42,
    57,
    71,
    85,
    99
  ],
  "metrics": {
    "test/psnr": 22.144848737716675,
    "test/ssim": 0.8993561041355133,
    "test/lpips": 0.09766833349131047
  }
}