{
  "experiment": "blender_drums_n8_ssl_mv_dav2s_depthv2_prune",
  "scene": "drums",
  "n_train_views": 8,
  "iterations": 7000,
  "wall_clock_sec": 330.3033113479614,
  "num_gaussians": 1192230,
  "num_test_views_used": 200,
  "num_test_views_total": 200,
  "train_view_ids": [
    0,
    14,
    28,
    42,
    57,
    71,
    85,
    99
  ],
  "metrics": {
    "test/psnr": 15.229980087280273,
    "test/ssim": 0.7701118698716164,
    "test/lpips": 0.27631454423069957
  }
}