{
  "experiment": "blender_ship_n8_ssl_mv_dav2s_depthv2_prune",
  "scene": "ship",
  "n_train_views": 8,
  "iterations": 7000,
  "wall_clock_sec": 362.55471539497375,
  "num_gaussians": 793968,
  "num_test_views_used": 200,
  "num_test_views_total": 200,
  "train_view_ids": [
    0,
    14,
    28,
    42,
    57,
    71,
    85,
    99
  ],
  "metrics": {
    "test/psnr": 17.277684345245362,
    "test/ssim": 0.6857903796434403,
    "test/lpips": 0.3190458013117313
  }
}