{
  "experiment": "blender_chair_n8_ssl_mv_dav2s",
  "scene": "chair",
  "n_train_views": 8,
  "iterations": 7000,
  "wall_clock_sec": 305.53299021720886,
  "num_gaussians": 485001,
  "num_test_views_used": 200,
  "num_test_views_total": 200,
  "train_view_ids": [
    0,
    14,
    28,
    42,
    57,
    71,
    85,
    99
  ],
  "metrics": {
    "test/psnr": 22.194775657653807,
    "test/ssim": 0.8768422949314117,
    "test/lpips": 0.1639386553503573
  }
}