{
  "experiment": "blender_drums_n8_ssl_mv_dav2s_depthv2",
  "scene": "drums",
  "n_train_views": 8,
  "iterations": 7000,
  "wall_clock_sec": 690.1807930469513,
  "num_gaussians": 1274680,
  "num_test_views_used": 200,
  "num_test_views_total": 200,
  "train_view_ids": [
    0,
    14,
    28,
    42,
    57,
    71,
    85,
    99
  ],
  "metrics": {
    "test/psnr": 15.061061253547669,
    "test/ssim": 0.7632427060604096,
    "test/lpips": 0.2941830184310675
  }
}