{
  "experiment": "blender_ship_n8",
  "scene": "ship",
  "n_train_views": 8,
  "iterations": 7000,
  "wall_clock_sec": 185.84852862358093,
  "num_gaussians": 723068,
  "num_test_views_used": 200,
  "num_test_views_total": 200,
  "train_view_ids": [
    0,
    14,
    28,
    42,
    57,
    71,
    85,
    99
  ],
  "metrics": {
    "test/psnr": 15.736599326133728,
    "test/ssim": 0.6475810411572457,
    "test/lpips": 0.34886516161262987
  }
}