{
  "experiment": "blender_mic_n8_ssl_mv_dav2s_pearson",
  "scene": "mic",
  "n_train_views": 8,
  "iterations": 7000,
  "wall_clock_sec": 289.5937342643738,
  "num_gaussians": 751987,
  "num_test_views_used": 200,
  "num_test_views_total": 200,
  "train_view_ids": [
    0,
    14,
    28,
    42,
    57,
    71,
    85,
    99
  ],
  "metrics": {
    "test/psnr": 17.946122527122498,
    "test/ssim": 0.880468738079071,
    "test/lpips": 0.18405369333922864
  }
}