{
  "experiment": "lego_n3",
  "scene": "lego",
  "type": "nerf_synthetic",
  "n_train_views": 3,
  "ckpt": "last.pt",
  "num_gaussians": 437356,
  "num_test_views_used": 200,
  "num_test_views_total": 200,
  "wall_clock_eval_sec": 18.545016050338745,
  "train_view_ids": [
    0,
    50,
    99
  ],
  "metrics": {
    "test/psnr": 11.853629345893859,
    "test/ssim": 0.5211201529204845,
    "test/lpips": 0.5168472245335579
  }
}