{
  "experiment": "blender_mic_n8_w3_dual_gs",
  "scene": "mic",
  "n_train_views": 8,
  "iterations": 7000,
  "wall_clock_sec": 531.7065591812134,
  "num_gaussians": 240174,
  "num_test_views_used": 200,
  "num_test_views_total": 200,
  "train_view_ids": [
    2,
    16,
    26,
    55,
    73,
    76,
    86,
    93
  ],
  "metrics": {
    "test/psnr": 23.152824239730833,
    "test/ssim": 0.9384528356790542,
    "test/lpips": 0.0707372760400176
  }
}