{
  "experiment": "blender_ficus_n8_w2_sotaview",
  "scene": "ficus",
  "n_train_views": 8,
  "iterations": 7000,
  "wall_clock_sec": 282.0803518295288,
  "num_gaussians": 316230,
  "num_test_views_used": 200,
  "num_test_views_total": 200,
  "train_view_ids": [
    2,
    16,
    26,
    55,
    73,
    76,
    86,
    93
  ],
  "metrics": {
    "test/psnr": 22.307640180587768,
    "test/ssim": 0.9034130957722664,
    "test/lpips": 0.10532396735623478
  }
}