{
  "experiment": "blender_ship_n8_ssl_mv_dav2s_depthv2",
  "scene": "ship",
  "n_train_views": 8,
  "iterations": 7000,
  "wall_clock_sec": 428.7332468032837,
  "num_gaussians": 820705,
  "num_test_views_used": 200,
  "num_test_views_total": 200,
  "train_view_ids": [
    0,
    14,
    28,
    42,
    57,
    71,
    85,
    99
  ],
  "metrics": {
    "test/psnr": 17.305245456695555,
    "test/ssim": 0.685357033610344,
    "test/lpips": 0.322299478314817
  }
}