{
  "experiment": "blender_chair_n8_ssl_mv_dav2s_depthv2_pearson",
  "scene": "chair",
  "n_train_views": 8,
  "iterations": 7000,
  "wall_clock_sec": 479.49043250083923,
  "num_gaussians": 832538,
  "num_test_views_used": 200,
  "num_test_views_total": 200,
  "train_view_ids": [
    0,
    14,
    28,
    42,
    57,
    71,
    85,
    99
  ],
  "metrics": {
    "test/psnr": 18.490228633880616,
    "test/ssim": 0.820592612028122,
    "test/lpips": 0.23529158683493734
  }
}