{
  "experiment": "blender_materials_n8_ssl_mv_dav2s_pearson",
  "scene": "materials",
  "n_train_views": 8,
  "iterations": 7000,
  "wall_clock_sec": 288.06440567970276,
  "num_gaussians": 757874,
  "num_test_views_used": 200,
  "num_test_views_total": 200,
  "train_view_ids": [
    0,
    14,
    28,
    42,
    57,
    71,
    85,
    99
  ],
  "metrics": {
    "test/psnr": 12.833838119506837,
    "test/ssim": 0.7194399663805962,
    "test/lpips": 0.32111984975636004
  }
}