{
  "experiment": "blender_chair_n8_ssl_mv_dav2s_pearson",
  "scene": "chair",
  "n_train_views": 8,
  "iterations": 7000,
  "wall_clock_sec": 323.1950340270996,
  "num_gaussians": 953739,
  "num_test_views_used": 200,
  "num_test_views_total": 200,
  "train_view_ids": [
    0,
    14,
    28,
    42,
    57,
    71,
    85,
    99
  ],
  "metrics": {
    "test/psnr": 17.219642014503478,
    "test/ssim": 0.7929624539613723,
    "test/lpips": 0.2676061815023422
  }
}